segment_kpi_id,period_end,fiscal_year,fiscal_quarter,period_type,ticker,kpi_group,segment_name,kpi_name,kpi_value,unit,currency,source_type,source_url,source_accession_number,filed_date,is_reported,is_derived,derivation_method,confidence,notes
segment_kpi_23a1d4ec2a0a,2026-04-01,2026,Q2,month,TSM,monthly,total,monthly_revenue_mom,,percent,,monthly_revenue,https://investor.tsmc.com/english/monthly-revenue/2026,,,True,False,,high,Official TSMC monthly revenue bridge.
segment_kpi_6cc12da9a4da,2026-04-01,2026,Q2,month,TSM,monthly,total,monthly_revenue_twd,410726.0,TWD_mn,TWD,monthly_revenue,https://investor.tsmc.com/english/monthly-revenue/2026,,,True,False,,high,Official TSMC monthly revenue bridge.
segment_kpi_9465d636d099,2026-04-01,2026,Q2,month,TSM,monthly,total,monthly_revenue_yoy,17.5,percent,,monthly_revenue,https://investor.tsmc.com/english/monthly-revenue/2026,,,True,False,,high,Official TSMC monthly revenue bridge.
segment_kpi_54b9e2758e8e,2026-03-31,2026,Q1,quarter,TSM,technology,3nm,revenue_share,0.25,ratio,,management_report,https://investor.tsmc.com/english/encrypt/files/encrypt_file/reports/2026-04/5508a9df8981f587c73dbfaf9f577f142e22bbb1/1Q26ManagementReport.pdf,,2026-04-16,True,False,,high,TSMC 1Q26 management report wafer revenue by technology.
segment_kpi_1a5e72e37a7f,2026-03-31,2026,Q1,quarter,TSM,technology,5nm,revenue_share,0.36,ratio,,management_report,https://investor.tsmc.com/english/encrypt/files/encrypt_file/reports/2026-04/5508a9df8981f587c73dbfaf9f577f142e22bbb1/1Q26ManagementReport.pdf,,2026-04-16,True,False,,high,TSMC 1Q26 management report wafer revenue by technology.
segment_kpi_00c896280492,2026-03-31,2026,Q1,quarter,TSM,technology,7nm,revenue_share,0.13,ratio,,management_report,https://investor.tsmc.com/english/encrypt/files/encrypt_file/reports/2026-04/5508a9df8981f587c73dbfaf9f577f142e22bbb1/1Q26ManagementReport.pdf,,2026-04-16,True,False,,high,TSMC 1Q26 management report wafer revenue by technology.
segment_kpi_51dced34a2c7,2026-03-31,2026,Q1,quarter,TSM,platform,Automotive,revenue_share,0.04,ratio,,management_report,https://investor.tsmc.com/english/encrypt/files/encrypt_file/reports/2026-04/5508a9df8981f587c73dbfaf9f577f142e22bbb1/1Q26ManagementReport.pdf,,2026-04-16,True,False,,high,TSMC 1Q26 management report revenue by platform.
segment_kpi_7606cfc138b1,2026-03-31,2026,Q1,quarter,TSM,platform,High Performance Computing,revenue_share,0.61,ratio,,management_report,https://investor.tsmc.com/english/encrypt/files/encrypt_file/reports/2026-04/5508a9df8981f587c73dbfaf9f577f142e22bbb1/1Q26ManagementReport.pdf,,2026-04-16,True,False,,high,TSMC 1Q26 management report revenue by platform.
segment_kpi_2bb651ac9384,2026-03-31,2026,Q1,quarter,TSM,platform,Internet of Things,revenue_share,0.06,ratio,,management_report,https://investor.tsmc.com/english/encrypt/files/encrypt_file/reports/2026-04/5508a9df8981f587c73dbfaf9f577f142e22bbb1/1Q26ManagementReport.pdf,,2026-04-16,True,False,,high,TSMC 1Q26 management report revenue by platform.
segment_kpi_8006a1c4e0b0,2026-03-31,2026,Q1,quarter,TSM,platform,Smartphone,revenue_share,0.26,ratio,,management_report,https://investor.tsmc.com/english/encrypt/files/encrypt_file/reports/2026-04/5508a9df8981f587c73dbfaf9f577f142e22bbb1/1Q26ManagementReport.pdf,,2026-04-16,True,False,,high,TSMC 1Q26 management report revenue by platform.
segment_kpi_e8b6b3598a49,2026-03-31,2026,Q1,quarter,TSM,technology,advanced_technology,revenue_share,0.74,ratio,,management_report,https://investor.tsmc.com/english/encrypt/files/encrypt_file/reports/2026-04/5508a9df8981f587c73dbfaf9f577f142e22bbb1/1Q26ManagementReport.pdf,,2026-04-16,True,False,,high,TSMC 1Q26 management report states 7nm and below accounted for 74 percent of total wafer revenue.
segment_kpi_56fc2e508e42,2026-03-31,2026,Q1,quarter,TSM,company,total,capex,350.76,TWD_bn,TWD,management_report,https://investor.tsmc.com/english/encrypt/files/encrypt_file/reports/2026-04/5508a9df8981f587c73dbfaf9f577f142e22bbb1/1Q26ManagementReport.pdf,,2026-04-16,True,False,,high,TSMC 1Q26 management report cash flow table.
segment_kpi_191823aae103,2026-03-31,2026,Q1,quarter,TSM,company,total,free_cash_flow,348.21,TWD_bn,TWD,management_report,https://investor.tsmc.com/english/encrypt/files/encrypt_file/reports/2026-04/5508a9df8981f587c73dbfaf9f577f142e22bbb1/1Q26ManagementReport.pdf,,2026-04-16,True,False,,high,TSMC 1Q26 management report free cash flow table.
segment_kpi_9cc774cfbee6,2026-03-31,2026,Q1,quarter,TSM,company,total,gross_margin,0.662,ratio,,management_report,https://investor.tsmc.com/english/encrypt/files/encrypt_file/reports/2026-04/5508a9df8981f587c73dbfaf9f577f142e22bbb1/1Q26ManagementReport.pdf,,2026-04-16,True,False,,high,TSMC 1Q26 management report summary table.
segment_kpi_264d8633d6a6,2026-03-31,2026,Q1,quarter,TSM,company,total,net_margin,0.505,ratio,,management_report,https://investor.tsmc.com/english/encrypt/files/encrypt_file/reports/2026-04/5508a9df8981f587c73dbfaf9f577f142e22bbb1/1Q26ManagementReport.pdf,,2026-04-16,True,False,,high,TSMC 1Q26 management report summary table.
segment_kpi_9a50585c1d5e,2026-03-31,2026,Q1,quarter,TSM,company,total,operating_cash_flow,698.97,TWD_bn,TWD,management_report,https://investor.tsmc.com/english/encrypt/files/encrypt_file/reports/2026-04/5508a9df8981f587c73dbfaf9f577f142e22bbb1/1Q26ManagementReport.pdf,,2026-04-16,True,False,,high,TSMC 1Q26 management report cash flow table.
segment_kpi_1396151d4f7e,2026-03-31,2026,Q1,quarter,TSM,company,total,operating_margin,0.581,ratio,,management_report,https://investor.tsmc.com/english/encrypt/files/encrypt_file/reports/2026-04/5508a9df8981f587c73dbfaf9f577f142e22bbb1/1Q26ManagementReport.pdf,,2026-04-16,True,False,,high,TSMC 1Q26 management report summary table.
segment_kpi_ceb1ff3a1137,2026-03-31,2026,Q1,quarter,TSM,company,total,quarterly_revenue,1134.1,TWD_bn,TWD,management_report,https://investor.tsmc.com/english/encrypt/files/encrypt_file/reports/2026-04/5508a9df8981f587c73dbfaf9f577f142e22bbb1/1Q26ManagementReport.pdf,,2026-04-16,True,False,,high,TSMC 1Q26 management report summary table.
segment_kpi_f0b69b4c7d87,2026-03-01,2026,Q1,month,TSM,monthly,total,monthly_revenue_mom,,percent,,monthly_revenue,https://investor.tsmc.com/english/monthly-revenue/2026,,,True,False,,high,Official TSMC monthly revenue bridge.
segment_kpi_e9edf100a38a,2026-03-01,2026,Q1,month,TSM,monthly,total,monthly_revenue_twd,415191.0,TWD_mn,TWD,monthly_revenue,https://investor.tsmc.com/english/monthly-revenue/2026,,,True,False,,high,Official TSMC monthly revenue bridge.
segment_kpi_74db2006ef26,2026-03-01,2026,Q1,month,TSM,monthly,total,monthly_revenue_yoy,45.2,percent,,monthly_revenue,https://investor.tsmc.com/english/monthly-revenue/2026,,,True,False,,high,Official TSMC monthly revenue bridge.
segment_kpi_960b0e869cfa,2026-02-01,2026,Q1,month,TSM,monthly,total,monthly_revenue_mom,,percent,,monthly_revenue,https://investor.tsmc.com/english/monthly-revenue/2026,,,True,False,,high,Official TSMC monthly revenue bridge.
segment_kpi_2fc2db0570fe,2026-02-01,2026,Q1,month,TSM,monthly,total,monthly_revenue_twd,317657.0,TWD_mn,TWD,monthly_revenue,https://investor.tsmc.com/english/monthly-revenue/2026,,,True,False,,high,Official TSMC monthly revenue bridge.
segment_kpi_32d0a18a0fd7,2026-02-01,2026,Q1,month,TSM,monthly,total,monthly_revenue_yoy,22.2,percent,,monthly_revenue,https://investor.tsmc.com/english/monthly-revenue/2026,,,True,False,,high,Official TSMC monthly revenue bridge.
segment_kpi_521c91010ba3,2026-01-01,2026,Q1,month,TSM,monthly,total,monthly_revenue_mom,,percent,,monthly_revenue,https://investor.tsmc.com/english/monthly-revenue/2026,,,True,False,,high,Official TSMC monthly revenue bridge.
segment_kpi_8d49bfcfc981,2026-01-01,2026,Q1,month,TSM,monthly,total,monthly_revenue_twd,401255.0,TWD_mn,TWD,monthly_revenue,https://investor.tsmc.com/english/monthly-revenue/2026,,,True,False,,high,Official TSMC monthly revenue bridge.
segment_kpi_673b5469c1ce,2026-01-01,2026,Q1,month,TSM,monthly,total,monthly_revenue_yoy,36.8,percent,,monthly_revenue,https://investor.tsmc.com/english/monthly-revenue/2026,,,True,False,,high,Official TSMC monthly revenue bridge.
segment_kpi_64d9550c39c1,2025-12-01,2025,Q4,month,TSM,monthly,total,monthly_revenue_mom,,percent,,monthly_revenue,https://investor.tsmc.com/english/monthly-revenue/2025,,,True,False,,high,Official TSMC monthly revenue bridge.
segment_kpi_871992b6ffe3,2025-12-01,2025,Q4,month,TSM,monthly,total,monthly_revenue_twd,335003.0,TWD_mn,TWD,monthly_revenue,https://investor.tsmc.com/english/monthly-revenue/2025,,,True,False,,high,Official TSMC monthly revenue bridge.
segment_kpi_d46d01f2a92e,2025-12-01,2025,Q4,month,TSM,monthly,total,monthly_revenue_yoy,20.4,percent,,monthly_revenue,https://investor.tsmc.com/english/monthly-revenue/2025,,,True,False,,high,Official TSMC monthly revenue bridge.
segment_kpi_1467b83666af,2025-11-01,2025,Q4,month,TSM,monthly,total,monthly_revenue_mom,,percent,,monthly_revenue,https://investor.tsmc.com/english/monthly-revenue/2025,,,True,False,,high,Official TSMC monthly revenue bridge.
segment_kpi_33ef79a303fa,2025-11-01,2025,Q4,month,TSM,monthly,total,monthly_revenue_twd,343614.0,TWD_mn,TWD,monthly_revenue,https://investor.tsmc.com/english/monthly-revenue/2025,,,True,False,,high,Official TSMC monthly revenue bridge.
segment_kpi_697a7b604002,2025-11-01,2025,Q4,month,TSM,monthly,total,monthly_revenue_yoy,24.5,percent,,monthly_revenue,https://investor.tsmc.com/english/monthly-revenue/2025,,,True,False,,high,Official TSMC monthly revenue bridge.
segment_kpi_ec804d625a15,2025-10-01,2025,Q4,month,TSM,monthly,total,monthly_revenue_mom,,percent,,monthly_revenue,https://investor.tsmc.com/english/monthly-revenue/2025,,,True,False,,high,Official TSMC monthly revenue bridge.
segment_kpi_9d0c6c08fd2c,2025-10-01,2025,Q4,month,TSM,monthly,total,monthly_revenue_twd,367473.0,TWD_mn,TWD,monthly_revenue,https://investor.tsmc.com/english/monthly-revenue/2025,,,True,False,,high,Official TSMC monthly revenue bridge.
segment_kpi_3e454719bbe8,2025-10-01,2025,Q4,month,TSM,monthly,total,monthly_revenue_yoy,16.9,percent,,monthly_revenue,https://investor.tsmc.com/english/monthly-revenue/2025,,,True,False,,high,Official TSMC monthly revenue bridge.
segment_kpi_2cdbd9e72c91,2025-09-01,2025,Q3,month,TSM,monthly,total,monthly_revenue_mom,,percent,,monthly_revenue,https://investor.tsmc.com/english/monthly-revenue/2025,,,True,False,,high,Official TSMC monthly revenue bridge.
segment_kpi_3cb4a053811a,2025-09-01,2025,Q3,month,TSM,monthly,total,monthly_revenue_twd,330980.0,TWD_mn,TWD,monthly_revenue,https://investor.tsmc.com/english/monthly-revenue/2025,,,True,False,,high,Official TSMC monthly revenue bridge.
segment_kpi_e6f1518d920d,2025-09-01,2025,Q3,month,TSM,monthly,total,monthly_revenue_yoy,31.4,percent,,monthly_revenue,https://investor.tsmc.com/english/monthly-revenue/2025,,,True,False,,high,Official TSMC monthly revenue bridge.
segment_kpi_2252b4439fca,2025-08-01,2025,Q3,month,TSM,monthly,total,monthly_revenue_mom,,percent,,monthly_revenue,https://investor.tsmc.com/english/monthly-revenue/2025,,,True,False,,high,Official TSMC monthly revenue bridge.
segment_kpi_8edf53f193d1,2025-08-01,2025,Q3,month,TSM,monthly,total,monthly_revenue_twd,335772.0,TWD_mn,TWD,monthly_revenue,https://investor.tsmc.com/english/monthly-revenue/2025,,,True,False,,high,Official TSMC monthly revenue bridge.
segment_kpi_5abe93934b59,2025-08-01,2025,Q3,month,TSM,monthly,total,monthly_revenue_yoy,33.8,percent,,monthly_revenue,https://investor.tsmc.com/english/monthly-revenue/2025,,,True,False,,high,Official TSMC monthly revenue bridge.
segment_kpi_98e3132d5794,2025-07-01,2025,Q3,month,TSM,monthly,total,monthly_revenue_mom,,percent,,monthly_revenue,https://investor.tsmc.com/english/monthly-revenue/2025,,,True,False,,high,Official TSMC monthly revenue bridge.
segment_kpi_5d2ba549950d,2025-07-01,2025,Q3,month,TSM,monthly,total,monthly_revenue_twd,323166.0,TWD_mn,TWD,monthly_revenue,https://investor.tsmc.com/english/monthly-revenue/2025,,,True,False,,high,Official TSMC monthly revenue bridge.
segment_kpi_2fd7c90ad1a2,2025-07-01,2025,Q3,month,TSM,monthly,total,monthly_revenue_yoy,25.8,percent,,monthly_revenue,https://investor.tsmc.com/english/monthly-revenue/2025,,,True,False,,high,Official TSMC monthly revenue bridge.
segment_kpi_9812eb80aa48,2025-06-01,2025,Q2,month,TSM,monthly,total,monthly_revenue_mom,,percent,,monthly_revenue,https://investor.tsmc.com/english/monthly-revenue/2025,,,True,False,,high,Official TSMC monthly revenue bridge.
segment_kpi_93eb0a6bf4b4,2025-06-01,2025,Q2,month,TSM,monthly,total,monthly_revenue_twd,263709.0,TWD_mn,TWD,monthly_revenue,https://investor.tsmc.com/english/monthly-revenue/2025,,,True,False,,high,Official TSMC monthly revenue bridge.
segment_kpi_7a6b91b80c94,2025-06-01,2025,Q2,month,TSM,monthly,total,monthly_revenue_yoy,26.9,percent,,monthly_revenue,https://investor.tsmc.com/english/monthly-revenue/2025,,,True,False,,high,Official TSMC monthly revenue bridge.
segment_kpi_095bb162303b,2025-05-01,2025,Q2,month,TSM,monthly,total,monthly_revenue_mom,,percent,,monthly_revenue,https://investor.tsmc.com/english/monthly-revenue/2025,,,True,False,,high,Official TSMC monthly revenue bridge.
segment_kpi_a840c3ec264f,2025-05-01,2025,Q2,month,TSM,monthly,total,monthly_revenue_twd,320516.0,TWD_mn,TWD,monthly_revenue,https://investor.tsmc.com/english/monthly-revenue/2025,,,True,False,,high,Official TSMC monthly revenue bridge.
segment_kpi_e2c4fc389e38,2025-05-01,2025,Q2,month,TSM,monthly,total,monthly_revenue_yoy,39.6,percent,,monthly_revenue,https://investor.tsmc.com/english/monthly-revenue/2025,,,True,False,,high,Official TSMC monthly revenue bridge.
segment_kpi_e1370f0fbaea,2025-04-01,2025,Q2,month,TSM,monthly,total,monthly_revenue_mom,,percent,,monthly_revenue,https://investor.tsmc.com/english/monthly-revenue/2025,,,True,False,,high,Official TSMC monthly revenue bridge.
segment_kpi_369cb132a914,2025-04-01,2025,Q2,month,TSM,monthly,total,monthly_revenue_twd,349567.0,TWD_mn,TWD,monthly_revenue,https://investor.tsmc.com/english/monthly-revenue/2025,,,True,False,,high,Official TSMC monthly revenue bridge.
segment_kpi_af4653652d1a,2025-04-01,2025,Q2,month,TSM,monthly,total,monthly_revenue_yoy,48.1,percent,,monthly_revenue,https://investor.tsmc.com/english/monthly-revenue/2025,,,True,False,,high,Official TSMC monthly revenue bridge.
segment_kpi_adf277a32282,2025-03-01,2025,Q1,month,TSM,monthly,total,monthly_revenue_mom,,percent,,monthly_revenue,https://investor.tsmc.com/english/monthly-revenue/2025,,,True,False,,high,Official TSMC monthly revenue bridge.
segment_kpi_3cd6276022af,2025-03-01,2025,Q1,month,TSM,monthly,total,monthly_revenue_twd,285957.0,TWD_mn,TWD,monthly_revenue,https://investor.tsmc.com/english/monthly-revenue/2025,,,True,False,,high,Official TSMC monthly revenue bridge.
segment_kpi_50ccaa118349,2025-03-01,2025,Q1,month,TSM,monthly,total,monthly_revenue_yoy,46.5,percent,,monthly_revenue,https://investor.tsmc.com/english/monthly-revenue/2025,,,True,False,,high,Official TSMC monthly revenue bridge.
segment_kpi_a51973d757a1,2025-02-01,2025,Q1,month,TSM,monthly,total,monthly_revenue_mom,,percent,,monthly_revenue,https://investor.tsmc.com/english/monthly-revenue/2025,,,True,False,,high,Official TSMC monthly revenue bridge.
segment_kpi_3a2c08d32092,2025-02-01,2025,Q1,month,TSM,monthly,total,monthly_revenue_twd,260009.0,TWD_mn,TWD,monthly_revenue,https://investor.tsmc.com/english/monthly-revenue/2025,,,True,False,,high,Official TSMC monthly revenue bridge.
segment_kpi_eb1f71cc60b2,2025-02-01,2025,Q1,month,TSM,monthly,total,monthly_revenue_yoy,43.1,percent,,monthly_revenue,https://investor.tsmc.com/english/monthly-revenue/2025,,,True,False,,high,Official TSMC monthly revenue bridge.
segment_kpi_144d2aa23184,2025-01-01,2025,Q1,month,TSM,monthly,total,monthly_revenue_mom,,percent,,monthly_revenue,https://investor.tsmc.com/english/monthly-revenue/2025,,,True,False,,high,Official TSMC monthly revenue bridge.
segment_kpi_fed2291b7a6c,2025-01-01,2025,Q1,month,TSM,monthly,total,monthly_revenue_twd,293288.0,TWD_mn,TWD,monthly_revenue,https://investor.tsmc.com/english/monthly-revenue/2025,,,True,False,,high,Official TSMC monthly revenue bridge.
segment_kpi_f7bae1b92731,2025-01-01,2025,Q1,month,TSM,monthly,total,monthly_revenue_yoy,35.9,percent,,monthly_revenue,https://investor.tsmc.com/english/monthly-revenue/2025,,,True,False,,high,Official TSMC monthly revenue bridge.
segment_kpi_abe46f28906b,2024-12-01,2024,Q4,month,TSM,monthly,total,monthly_revenue_mom,,percent,,monthly_revenue,https://investor.tsmc.com/english/monthly-revenue/2024,,,True,False,,high,Official TSMC monthly revenue bridge.
segment_kpi_aa923248e39b,2024-12-01,2024,Q4,month,TSM,monthly,total,monthly_revenue_twd,278163.0,TWD_mn,TWD,monthly_revenue,https://investor.tsmc.com/english/monthly-revenue/2024,,,True,False,,high,Official TSMC monthly revenue bridge.
segment_kpi_1de33bff7b26,2024-12-01,2024,Q4,month,TSM,monthly,total,monthly_revenue_yoy,57.8,percent,,monthly_revenue,https://investor.tsmc.com/english/monthly-revenue/2024,,,True,False,,high,Official TSMC monthly revenue bridge.
segment_kpi_4fe4d9d2afea,2024-11-01,2024,Q4,month,TSM,monthly,total,monthly_revenue_mom,,percent,,monthly_revenue,https://investor.tsmc.com/english/monthly-revenue/2024,,,True,False,,high,Official TSMC monthly revenue bridge.
segment_kpi_d542e742d5c8,2024-11-01,2024,Q4,month,TSM,monthly,total,monthly_revenue_twd,276058.0,TWD_mn,TWD,monthly_revenue,https://investor.tsmc.com/english/monthly-revenue/2024,,,True,False,,high,Official TSMC monthly revenue bridge.
segment_kpi_17b8929abb7b,2024-11-01,2024,Q4,month,TSM,monthly,total,monthly_revenue_yoy,34.0,percent,,monthly_revenue,https://investor.tsmc.com/english/monthly-revenue/2024,,,True,False,,high,Official TSMC monthly revenue bridge.
segment_kpi_a4fcd3b8200e,2024-10-01,2024,Q4,month,TSM,monthly,total,monthly_revenue_mom,,percent,,monthly_revenue,https://investor.tsmc.com/english/monthly-revenue/2024,,,True,False,,high,Official TSMC monthly revenue bridge.
segment_kpi_f77c98e31e70,2024-10-01,2024,Q4,month,TSM,monthly,total,monthly_revenue_twd,314240.0,TWD_mn,TWD,monthly_revenue,https://investor.tsmc.com/english/monthly-revenue/2024,,,True,False,,high,Official TSMC monthly revenue bridge.
segment_kpi_c39add5a5288,2024-10-01,2024,Q4,month,TSM,monthly,total,monthly_revenue_yoy,29.2,percent,,monthly_revenue,https://investor.tsmc.com/english/monthly-revenue/2024,,,True,False,,high,Official TSMC monthly revenue bridge.
segment_kpi_80f0dd2491f4,2024-09-01,2024,Q3,month,TSM,monthly,total,monthly_revenue_mom,,percent,,monthly_revenue,https://investor.tsmc.com/english/monthly-revenue/2024,,,True,False,,high,Official TSMC monthly revenue bridge.
segment_kpi_9deb41726999,2024-09-01,2024,Q3,month,TSM,monthly,total,monthly_revenue_twd,251873.0,TWD_mn,TWD,monthly_revenue,https://investor.tsmc.com/english/monthly-revenue/2024,,,True,False,,high,Official TSMC monthly revenue bridge.
segment_kpi_4b1c44e6220f,2024-09-01,2024,Q3,month,TSM,monthly,total,monthly_revenue_yoy,39.6,percent,,monthly_revenue,https://investor.tsmc.com/english/monthly-revenue/2024,,,True,False,,high,Official TSMC monthly revenue bridge.
segment_kpi_2ab4990d6105,2024-08-01,2024,Q3,month,TSM,monthly,total,monthly_revenue_mom,,percent,,monthly_revenue,https://investor.tsmc.com/english/monthly-revenue/2024,,,True,False,,high,Official TSMC monthly revenue bridge.
segment_kpi_568a5066cc06,2024-08-01,2024,Q3,month,TSM,monthly,total,monthly_revenue_twd,250866.0,TWD_mn,TWD,monthly_revenue,https://investor.tsmc.com/english/monthly-revenue/2024,,,True,False,,high,Official TSMC monthly revenue bridge.
segment_kpi_ab9005ff6ab4,2024-08-01,2024,Q3,month,TSM,monthly,total,monthly_revenue_yoy,33.0,percent,,monthly_revenue,https://investor.tsmc.com/english/monthly-revenue/2024,,,True,False,,high,Official TSMC monthly revenue bridge.
segment_kpi_8ccc007722a0,2024-07-01,2024,Q3,month,TSM,monthly,total,monthly_revenue_mom,,percent,,monthly_revenue,https://investor.tsmc.com/english/monthly-revenue/2024,,,True,False,,high,Official TSMC monthly revenue bridge.
segment_kpi_ffb181a73082,2024-07-01,2024,Q3,month,TSM,monthly,total,monthly_revenue_twd,256953.0,TWD_mn,TWD,monthly_revenue,https://investor.tsmc.com/english/monthly-revenue/2024,,,True,False,,high,Official TSMC monthly revenue bridge.
segment_kpi_bbe919a26901,2024-07-01,2024,Q3,month,TSM,monthly,total,monthly_revenue_yoy,44.7,percent,,monthly_revenue,https://investor.tsmc.com/english/monthly-revenue/2024,,,True,False,,high,Official TSMC monthly revenue bridge.
segment_kpi_62636c3bb391,2024-06-01,2024,Q2,month,TSM,monthly,total,monthly_revenue_mom,,percent,,monthly_revenue,https://investor.tsmc.com/english/monthly-revenue/2024,,,True,False,,high,Official TSMC monthly revenue bridge.
segment_kpi_16a8ba08e8b9,2024-06-01,2024,Q2,month,TSM,monthly,total,monthly_revenue_twd,207869.0,TWD_mn,TWD,monthly_revenue,https://investor.tsmc.com/english/monthly-revenue/2024,,,True,False,,high,Official TSMC monthly revenue bridge.
segment_kpi_a42fbdffe2de,2024-06-01,2024,Q2,month,TSM,monthly,total,monthly_revenue_yoy,32.9,percent,,monthly_revenue,https://investor.tsmc.com/english/monthly-revenue/2024,,,True,False,,high,Official TSMC monthly revenue bridge.
segment_kpi_12a427ec01a3,2024-05-01,2024,Q2,month,TSM,monthly,total,monthly_revenue_mom,,percent,,monthly_revenue,https://investor.tsmc.com/english/monthly-revenue/2024,,,True,False,,high,Official TSMC monthly revenue bridge.
segment_kpi_1d26962b9eaf,2024-05-01,2024,Q2,month,TSM,monthly,total,monthly_revenue_twd,229620.0,TWD_mn,TWD,monthly_revenue,https://investor.tsmc.com/english/monthly-revenue/2024,,,True,False,,high,Official TSMC monthly revenue bridge.
segment_kpi_d025591b8101,2024-05-01,2024,Q2,month,TSM,monthly,total,monthly_revenue_yoy,30.1,percent,,monthly_revenue,https://investor.tsmc.com/english/monthly-revenue/2024,,,True,False,,high,Official TSMC monthly revenue bridge.
